"0","# Fix wwtp names"
"0","data.meta$wwtp_name<-gsub("" WWTF"", """", data.meta$wwtp_name)"
"0","data.meta$wwtp_name<-gsub("" WWTP"", """", data.meta$wwtp_name)"
"0","data.meta$wwtp_name<-gsub("" Sewage Utility"", """", data.meta$wwtp_name)"
"0","data.meta$wwtp_name<-gsub("" WW Utility"", """", data.meta$wwtp_name)"
"0","data.meta$wwtp_name<-gsub("" Wastewater Utility"", """", data.meta$wwtp_name)"
"0","data.meta$wwtp_name<-gsub("" WPCF"", """", data.meta$wwtp_name)"
"0","data.meta$wwtp_name<-gsub("" MSD"", """", data.meta$wwtp_name)"
"0","data.meta$wwtp_name<-gsub("" Utilities"", """", data.meta$wwtp_name)"
"0","data.meta$wwtp_name<-gsub("" Municipal Utility"", """", data.meta$wwtp_name)"
"0","data.meta$wwtp_name<-gsub("" Water Works"", """", data.meta$wwtp_name)"
"0","levels(as.factor(data.meta$wwtp_name))"
"1"," [1]"
"1"," ""Algoma""             "
"1"," ""Appleton""           "
"1"," ""Ashland""            "
"1"," ""Baraboo""            "
"1"," ""Beloit""             "
"1"," ""Berlin""             "
"1"," ""Black River Falls""  "
"1"," ""Chippewa Falls""     "
"1"," ""Clintonville""       "
"1"," ""Columbus""           "
"1"," ""Eau Claire""         "
"1"," ""Hartford""           "
"1","
"
"1","[13]"
"1"," ""Hayward""            "
"1"," ""Heart of the Valley"""
"1"," ""Hudson""             "
"1"," ""Janesville""         "
"1"," ""Kenosha""            "
"1"," ""La Crosse""          "
"1"," ""Lake Geneva""        "
"1"," ""Lodi""               "
"1"," ""Madison""            "
"1"," ""Manitowoc""          "
"1"," ""Marinette""          "
"1"," ""Marshfield""         "
"1","
"
"1","[25]"
"1"," ""Mauston""            "
"1"," ""Merrill""            "
"1"," ""Monroe""             "
"1"," ""New Richmond""       "
"1"," ""Oconomowoc""         "
"1"," ""Oshkosh""            "
"1"," ""Peshtigo""           "
"1"," ""Platteville""        "
"1"," ""Plymouth""           "
"1"," ""Portage""            "
"1"," ""Rhinelander""        "
"1"," ""Rib Lake""           "
"1","
"
"1","[37]"
"1"," ""Rib Mountain""       "
"1"," ""River Falls""        "
"1"," ""Sheboygan""          "
"1"," ""Sparta""             "
"1"," ""Spencer""            "
"1"," ""Spooner""            "
"1"," ""Stevens Point""      "
"1"," ""Sturgeon Bay""       "
"1"," ""Sun Prairie""        "
"1"," ""Superior""           "
"1"," ""Viroqua""            "
"1"," ""Washburn""           "
"1","
"
"1","[49]"
"1"," ""Watertown""          "
"1"," ""Waupaca""            "
"1"," ""Wausau""             "
"1"," ""Whitewater""         "
"1"," ""Wisconsin Rapids""   "
"1","
"
"0","# Add ID"
"0","data.meta$sample_collect_date<-as.Date(data.meta$sample_collect_date, format=""%m/%d/%Y"")"
"0","data.meta$ID<-paste0(data.meta$wwtp_name, data.meta$sample_collect_date)"
"0",""
"0","# Metadata #1"
"0","data.meta.1<-unique(data.meta[, c(""ID"", ""sars_cov2_adj_load"", ""cases"", ""case_rate"")])"
"0",""
"0","# Metadata #2"
"0","data.meta.2<-data.meta[, c(""ID"", ""result_amt"", ""storet_parm_desc"", ""parm_unit_type"")]"
"0","data.meta.2$storet_parm_desc<-gsub(""CBOD5"", ""BOD5"", data.meta.2$storet_parm_desc)"
"0","data.meta.2$storet_parm_desc<-gsub(""BOD5, Total"", ""BOD5"", data.meta.2$storet_parm_desc)"
"0","data.meta.2$storet_parm_desc<-gsub(""Suspended Solids, Total"", ""TSS"", data.meta.2$storet_parm_desc)"
"0","data.meta.2<-reshape2::dcast(data.meta.2, ID~storet_parm_desc, value.var = ""result_amt"", fun.aggregate= function(x) if(length(x) == 0) NA_real_ else mean(x, na.rm = TRUE))"
"0","data.meta.2 <- data.meta.2 %>% select(""ID"", ""BOD5"", ""Flow Rate"", ""TSS"")"
"0",""
"0","# Metadata - merged #1 and #2"
"0","data.meta <- left_join(data.meta.1, data.meta.2, by=""ID"")"
