"0","# Difference between WW and case data "
"0","data$difference.log<-log10(data$avg_sars_cov2_conc+1)-(data$case_rate)"
"0",""
"0","# Difference between value and average of the value for a given WWTP"
"0","mean.indpt<-data %>%"
"0","  group_by(wwtp_name) %>%"
"0","  summarise(mean_pmmov_conc = mean(pmmov_conc, na.rm=TRUE), "
"0","          mean_bcov_rec_rate = mean(bcov_rec_rate, na.rm=TRUE), "
"0","          mean_average_flow_rate = mean(average_flow_rate, na.rm=TRUE), "
"0","          mean_ph = mean(ph, na.rm=TRUE), "
"0","          mean_temperature = mean(temperature, na.rm=TRUE), "
"0","          mean_BOD5 = mean(BOD5, na.rm=TRUE), "
"0","          mean_TSS = mean(TSS, na.rm=TRUE))"
"0",""
"0","data.select.1<-left_join(data, mean.indpt, by=""wwtp_name"")"
"0","data.select.1$diff_pmmov_conc<-log10(data.select.1$mean_pmmov_conc+1)-log10(data.select.1$pmmov_conc+1)"
"0","data.select.1$diff_bcov_rec_rate<-data.select.1$mean_bcov_rec_rate-data.select.1$bcov_rec_rate"
"0","data.select.1$diff_average_flow_rate<-data.select.1$mean_average_flow_rate- data.select.1$average_flow_rate"
"0","data.select.1$diff_ph<-data.select.1$mean_ph- data.select.1$ph"
"0","data.select.1$diff_temperature<- data.select.1$mean_temperature-data.select.1$temperature"
"0","data.select.1$diff_BOD5<-data.select.1$mean_BOD5-data.select.1$BOD5"
"0","data.select.1$diff_TSS<-data.select.1$mean_TSS-data.select.1$TSS"
"0",""
"0",""
"0","data.select.1<-data.select.1 %>% "
"0","  select(wwtp_name, diff_pmmov_conc, diff_bcov_rec_rate, diff_average_flow_rate, diff_ph, diff_temperature, diff_BOD5, diff_TSS, difference.log)%>% "
"0","  #mutate_all(~ifelse(is.nan(.), NA, .)) %>%"
"0","  filter(!is.na(difference.log))"
"0",""
"0","# Center scale the data "
"0","data.select.1[data.select.1 == ""NaN""] <- NA"
"0","data.select.1.sc<-scale(data.select.1 %>% "
"0","  select(diff_pmmov_conc, diff_bcov_rec_rate, diff_average_flow_rate, diff_ph, diff_temperature, diff_BOD5, diff_TSS, difference.log), center = TRUE, scale = TRUE)"
"0","data.select.1.sc<-cbind(data.select.1$wwtp_name, as.data.frame(data.select.1.sc))"
"0","names(data.select.1.sc)[1]<-""wwtp_name"""
