"0","### Prep H12 data "
"0","names(data.H12)<-c(""wwtp_name"", ""epaid"", ""zipcode"", ""county_names"", ""state"", ""capacity_mgd"", ""population_served"", ""sample_type"", ""composite_freq"", ""sample_matrix"", ""sample_location"", ""sample_location_specify"", ""sample_id"", ""wwtp_comments"", ""concentration_method"", ""extraction_method"", ""pcr_type"", ""lod_ref"", ""quant_stan_type"", ""quant_stan_ref"", ""inhibition_method"", ""n1_sars_cov2_units"", ""n1_sars_cov2_conc"", ""n1_sars_cov2_lod"", ""n1_sars_cov2_error"", ""n1_ntc_amplify"", ""n1_num_ntc_amplify"", ""n1_num_no_target_control"", ""n1_lod"", ""n1_loq"", ""n2_sars_cov2_units"", ""n2_sars_cov2_conc"", ""n2_sars_cov2_lod"", ""n2_sars_cov2_error"", ""n2_ntc_amplify"", ""n2_num_ntc_amplify"", ""n2_num_no_target_control"", ""n2_lod"", ""n2_loq"", ""avg_sars_cov2_conc"", ""avg_sars_cov2_below_lod"", ""pmmov_conc"", ""hf183_conc"", ""bcov_rec_rate"", ""inhibition_detect"", ""inhibition_adjust"", ""analytical_comments"", ""sample_collect_date"", ""sample_collect_time"", ""test_result_date"", ""average_flow_rate"", ""equiv_sewage_amt"", ""tss"", ""ph"", ""bod"", ""conductivity"", ""temperature"", ""do"", ""bcov_spike_conc"")"
"0",""
"0","# Clean samples"
"0","data.H12<-data.H12 %>% filter(wwtp_name %!like% ""Madison-P"")"
"0","data.H12<-data.H12 %>% filter(wwtp_name %!in% c(""Keshena"", ""Lac du Flambeau"", ""Menomonie"", ""Mondovi"", ""Neopit"", ""Red Cliff"", ""Wolf"", ""Wolf River""))"
"0","data.H12<-data.H12 %>% filter(wwtp_name != """")"
"0",""
"0","# Fix wwtp names"
"0","data.H12$wwtp_name<-gsub("" WWTP"", """", data.H12$wwtp_name)"
"0","data.H12$wwtp_name<-gsub(""WWTP"", """", data.H12$wwtp_name)"
"0","data.H12$wwtp_name<-gsub(""WWTF"", """", data.H12$wwtp_name)"
"0","data.H12$wwtp_name<-gsub(""BlackRiverFalls"", ""Black River Falls"", data.H12$wwtp_name)"
"0","data.H12$wwtp_name<-gsub("" Metro"", """", data.H12$wwtp_name)"
"0","data.H12$wwtp_name<-gsub(""WI Rapids"", ""Wisconsin Rapids"", data.H12$wwtp_name)"
"0","#print(""List wwtps investigated (in H12 extract):"")"
"0","#levels(as.factor(data.H12$wwtp_name))"
"0",""
"0","# Add ID"
"0","data.H12$sample_collect_date<-as.Date(data.H12$sample_collect_date, format=""%m/%d/%Y"")"
"0","data.H12$ID<-paste0(data.H12$wwtp_name, data.H12$sample_collect_date)"
"0",""
