%IncMSE	IncNodePurity	Var.Names	wwtp
5.15324588564059	2.58090320319758	diff_pmmov_conc	Wisconsin Rapids
1.86783606650397	1.55066059260499	diff_bcov_rec_rate	Wisconsin Rapids
4.38800066918221	1.85842576836724	diff_average_flow_rate	Wisconsin Rapids
4.53561449322447	2.83559727339971	diff_ph	Wisconsin Rapids
-1.26126162149701	1.31791354779364	diff_BOD5	Wisconsin Rapids
-4.1805901278628	0.998037210311943	diff_TSS	Wisconsin Rapids
5.44698855176795	12.544775006033	diff_pmmov_conc	Whitewater
4.79939384039455	18.0367763973291	diff_bcov_rec_rate	Whitewater
3.26465884362388	13.938906866106	diff_average_flow_rate	Whitewater
-3.19024931290741	8.39856478643485	diff_ph	Whitewater
-2.87227886643668	5.0595704079472	diff_BOD5	Whitewater
-0.27420390646783	5.82076888053592	diff_TSS	Whitewater
0.925583491572945	3.66197531600609	diff_pmmov_conc	Wausau
11.7507387427668	6.7907482974324	diff_bcov_rec_rate	Wausau
5.35623943153991	1.77500278870566	diff_average_flow_rate	Wausau
3.52970788357718	2.34117762122017	diff_ph	Wausau
5.71409030648066	2.43644638363463	diff_BOD5	Wausau
6.40874483853288	3.85852461799118	diff_TSS	Wausau
1.89408067175767	1.14606691931689	diff_pmmov_conc	Waupaca
11.6735814533975	2.24222231566722	diff_bcov_rec_rate	Waupaca
12.1715820667483	2.29060113802518	diff_average_flow_rate	Waupaca
0.242732732091695	0.654895569188179	diff_ph	Waupaca
-2.10663116308915	0.562991433645939	diff_BOD5	Waupaca
-3.16464180117476	0.46253347715551	diff_TSS	Waupaca
3.8281812571382	8.03995816092019	diff_pmmov_conc	Watertown
16.4412973588054	14.1985469464127	diff_bcov_rec_rate	Watertown
4.27709147751937	7.19127290402846	diff_average_flow_rate	Watertown
5.44132033328089	7.53763147374384	diff_BOD5	Watertown
1.42481682594864	6.08163451738289	diff_TSS	Watertown
-1.39472162335249	2.58800296032731	diff_pmmov_conc	Washburn
2.47618823783335	4.70726187384745	diff_bcov_rec_rate	Washburn
3.10024532827669	2.4652443642011	diff_average_flow_rate	Washburn
4.5148716576698	1.65732984997318	diff_ph	Washburn
6.11309784782397	3.55783766316671	diff_TSS	Washburn
8.97637736607505	14.1777661036721	diff_pmmov_conc	Viroqua
1.56056458778636	10.5926150128971	diff_bcov_rec_rate	Viroqua
4.17289061776042	6.97747569217827	diff_average_flow_rate	Viroqua
0.572294753122349	18.8298709829251	diff_ph	Viroqua
-2.91235887147481	6.34172572526041	diff_BOD5	Viroqua
-0.00408768109578332	7.42938422065882	diff_TSS	Viroqua
-1.08223847722288	3.43182251455073	diff_pmmov_conc	Superior
-3.12472490241227	4.06576584686021	diff_bcov_rec_rate	Superior
6.90579511530987	5.20814180986912	diff_average_flow_rate	Superior
0.184468886497625	4.5169794186738	diff_BOD5	Superior
-1.06924008118976	3.73018600732958	diff_TSS	Superior
0.233032758741773	7.41745392704258	diff_pmmov_conc	Sun Prairie
9.02316447269444	39.2942939415163	diff_bcov_rec_rate	Sun Prairie
18.0858275024039	72.5808682087112	diff_average_flow_rate	Sun Prairie
6.65802264549102	17.3597828233081	diff_ph	Sun Prairie
5.42873085623473	21.1317031121496	diff_BOD5	Sun Prairie
-1.8053298737354	8.5853995737208	diff_TSS	Sun Prairie
-2.12236327077794	0.530860122655343	diff_pmmov_conc	Sturgeon Bay
7.06507528346697	2.25753419821257	diff_bcov_rec_rate	Sturgeon Bay
-2.00370489268242	0.855023338939253	diff_average_flow_rate	Sturgeon Bay
-1.91100135260985	0.392797315596787	diff_ph	Sturgeon Bay
0.673422830026395	1.13368467521532	diff_BOD5	Sturgeon Bay
10.6415071048322	2.47829782636771	diff_TSS	Sturgeon Bay
3.98321042856693	8.76067183083569	diff_pmmov_conc	Stevens Point
3.17881056558258	9.59113641232504	diff_bcov_rec_rate	Stevens Point
3.96489666585016	14.7505922820132	diff_average_flow_rate	Stevens Point
-0.00436949134343358	8.24651942460746	diff_ph	Stevens Point
5.14264553031608	10.2662835105491	diff_BOD5	Stevens Point
5.57963596575015	8.2192371722586	diff_TSS	Stevens Point
-1.83942499692123	1.29211595676379	diff_pmmov_conc	Spooner
8.70370909325156	2.31383622552115	diff_bcov_rec_rate	Spooner
5.9766433099121	1.86460781808039	diff_average_flow_rate	Spooner
6.8059254076726	2.15196569579874	diff_ph	Spooner
-1.4599934480649	12.0739607564261	diff_pmmov_conc	Spencer
-1.76703286398832	8.86392717264531	diff_bcov_rec_rate	Spencer
-0.676904305183146	7.71689230855705	diff_average_flow_rate	Spencer
0.279391115647107	9.99079220975097	diff_ph	Spencer
6.48812297324654	1.11738760840437	diff_pmmov_conc	Sparta
10.8710066849722	1.44731179790542	diff_bcov_rec_rate	Sparta
-2.96337425075954	0.387978486156256	diff_average_flow_rate	Sparta
-2.29255879972296	0.700978792716792	diff_ph	Sparta
-3.47174283361484	0.44766616842821	diff_BOD5	Sparta
-1.01841535624118	0.394504504893322	diff_TSS	Sparta
1.80429013627671	2.78032862164511	diff_pmmov_conc	Sheboygan
4.53896793041579	4.41384000610201	diff_bcov_rec_rate	Sheboygan
13.9644676274354	8.01916715623289	diff_average_flow_rate	Sheboygan
0.42551277233548	1.42055409824871	diff_ph	Sheboygan
2.49027819807754	6.65793745894425	diff_BOD5	Sheboygan
5.04851590976023	4.77848754690467	diff_TSS	Sheboygan
5.96891662898962	3.6441359848355	diff_pmmov_conc	River Falls
7.95929607929977	2.97212229559767	diff_bcov_rec_rate	River Falls
0.86997735671607	2.54744945477805	diff_average_flow_rate	River Falls
2.8503788908543	2.41501726032321	diff_ph	River Falls
3.1527786145638	2.8868056178135	diff_BOD5	River Falls
0.178489819273346	1.66332771476913	diff_TSS	River Falls
0.152680979470604	3.70273337341248	diff_pmmov_conc	Rib Mountain
7.87024149027719	7.22261269996265	diff_bcov_rec_rate	Rib Mountain
-2.01232240786508	2.23423665777865	diff_average_flow_rate	Rib Mountain
-0.898242511938932	2.29207247268971	diff_ph	Rib Mountain
2.29937548382319	3.81117150728531	diff_BOD5	Rib Mountain
-2.18819220149903	1.48695336575704	diff_TSS	Rib Mountain
-1.69041409784129	0.0646357186053752	diff_pmmov_conc	Rib Lake
0.387668428532186	0.113341112309162	diff_bcov_rec_rate	Rib Lake
-4.00591111486108	0.0385201863907282	diff_average_flow_rate	Rib Lake
1.83337141474205	0.0874415842750487	diff_ph	Rib Lake
0.924949511499117	0.0585426477645746	diff_BOD5	Rib Lake
-3.18240770122402	0.0622560877132664	diff_TSS	Rib Lake
3.76885022725247	5.20367814180767	diff_pmmov_conc	Rhinelander
2.07074550941088	3.46273880492024	diff_bcov_rec_rate	Rhinelander
11.3973962561759	4.1230746290382	diff_average_flow_rate	Rhinelander
3.88376558604724	4.41236847789373	diff_ph	Rhinelander
7.70297148024933	4.03873170883615	diff_BOD5	Rhinelander
4.69152820380495	1.83206607983034	diff_TSS	Rhinelander
14.6445981641342	34.1996239156281	diff_pmmov_conc	Portage
7.7676477426887	43.0105802557008	diff_bcov_rec_rate	Portage
-0.496887699340274	34.7100902445859	diff_average_flow_rate	Portage
1.40786064006106	4.00241194113579	diff_ph	Portage
-4.55198656477843	12.7177956127192	diff_BOD5	Portage
-1.99406667520813	13.6530353600688	diff_TSS	Portage
4.13623259700638	9.48737044219248	diff_pmmov_conc	Plymouth
4.16819146760372	15.8917587871568	diff_bcov_rec_rate	Plymouth
9.50963375154993	15.0164065860791	diff_average_flow_rate	Plymouth
4.3011641577738	6.55159801755736	diff_ph	Plymouth
3.33040935598705	8.90956342342764	diff_BOD5	Plymouth
2.1534409623391	5.72866382764609	diff_TSS	Plymouth
1.90524814744474	3.40416904221987	diff_pmmov_conc	Platteville
6.42700143038806	13.5577952174745	diff_bcov_rec_rate	Platteville
17.298558144081	28.3437481809251	diff_average_flow_rate	Platteville
5.57450353398955	8.52368995369643	diff_ph	Platteville
15.9313723050572	17.6527466144607	diff_BOD5	Platteville
5.97658448308129	3.87313628269038	diff_TSS	Platteville
-1.04095923223053	6.2266568950453	diff_pmmov_conc	Peshtigo
0.503517739851524	17.6788714989119	diff_bcov_rec_rate	Peshtigo
17.2693666769399	42.0975014715204	diff_average_flow_rate	Peshtigo
6.0660169828603	11.0182043800325	diff_ph	Peshtigo
4.36412034836204	8.48612106902433	diff_BOD5	Peshtigo
1.15506259192033	7.01823741795015	diff_TSS	Peshtigo
2.16667320287468	13.0796748340369	diff_pmmov_conc	Oshkosh
2.39261405877426	24.0854854992211	diff_bcov_rec_rate	Oshkosh
20.3266800986393	88.5448448861954	diff_average_flow_rate	Oshkosh
7.51578741294689	22.498466641882	diff_ph	Oshkosh
-0.161880000166727	20.5162842776624	diff_BOD5	Oshkosh
0.135855528651278	22.7258333396717	diff_TSS	Oshkosh
-1.19704563136746	1.5081705574898	diff_pmmov_conc	New Richmond
6.56693020218359	3.22083546947669	diff_bcov_rec_rate	New Richmond
1.55757461678633	2.06188372362226	diff_average_flow_rate	New Richmond
7.40139446909073	3.1733544470289	diff_ph	New Richmond
2.2749917230667	1.82311420444087	diff_BOD5	New Richmond
-2.0547081798716	0.957347962319762	diff_TSS	New Richmond
8.68723502015103	22.9103341171139	diff_pmmov_conc	Monroe
3.00280415627079	17.6500304537879	diff_bcov_rec_rate	Monroe
-0.234683567719947	6.12018827954578	diff_average_flow_rate	Monroe
2.13064064891829	6.45356656160304	diff_ph	Monroe
4.10990211937911	6.97839752531398	diff_BOD5	Monroe
0.97512816310556	8.90114555163835	diff_TSS	Monroe
-1.68363523463922	7.84833356326356	diff_pmmov_conc	Merrill
0.214071471866772	7.30298712428162	diff_bcov_rec_rate	Merrill
-0.145820361320068	4.38464141269273	diff_average_flow_rate	Merrill
10.9182480755338	19.6779479535652	diff_ph	Merrill
0.360186684481995	6.57484172564404	diff_BOD5	Merrill
1.74384234325263	6.364059777416	diff_TSS	Merrill
-4.24371084719562	2.79845862039114	diff_pmmov_conc	Mauston
0.238337100920281	3.14583285592515	diff_bcov_rec_rate	Mauston
3.3672086116776	5.31684570673784	diff_average_flow_rate	Mauston
1.60005121508408	5.56990544105825	diff_ph	Mauston
0.533408464176239	3.42891345003468	diff_BOD5	Mauston
7.69400242402393	10.1609619828951	diff_TSS	Mauston
11.9037441299112	11.7092680641065	diff_pmmov_conc	Marshfield
8.9970587158338	14.6033574587915	diff_bcov_rec_rate	Marshfield
7.6799798727535	11.9254432400275	diff_average_flow_rate	Marshfield
2.39153308727	3.50163337465307	diff_ph	Marshfield
1.20264631072334	8.95292128396581	diff_BOD5	Marshfield
7.5263175680029	10.3418061286921	diff_TSS	Marshfield
-2.62485340752906	1.27914581540698	diff_pmmov_conc	Marinette
11.0213750633858	6.83697110431074	diff_bcov_rec_rate	Marinette
2.09730621360681	3.39701194841316	diff_average_flow_rate	Marinette
0.373660228014731	1.39514343489219	diff_ph	Marinette
4.57972313044266	0.86457726275371	diff_BOD5	Marinette
0.819259350687812	1.51607540112947	diff_TSS	Marinette
4.7253411749558	29.626449974074	diff_pmmov_conc	Madison
13.1152083019799	68.2491897918106	diff_bcov_rec_rate	Madison
19.8498982691511	79.2512704092562	diff_average_flow_rate	Madison
3.00182305642365	21.7896101689781	diff_ph	Madison
11.5603888571533	31.828002302662	diff_BOD5	Madison
7.94802634695077	19.3751150612335	diff_TSS	Madison
3.56063091418556	13.1652718219528	diff_pmmov_conc	Lodi
0.494977000925348	14.7526932088392	diff_bcov_rec_rate	Lodi
0.0350061780962893	10.4602527385693	diff_average_flow_rate	Lodi
0.690976160311054	1.49286885411253	diff_ph	Lodi
0.97673826179896	22.4190887957466	diff_BOD5	Lodi
0.441835451612136	9.90761004559237	diff_TSS	Lodi
7.22207705171171	7.25709732390927	diff_pmmov_conc	Lake Geneva
15.4463420532188	7.5159272757691	diff_bcov_rec_rate	Lake Geneva
2.87860928153191	2.6276016157831	diff_average_flow_rate	Lake Geneva
-0.730257366558595	1.66900711153848	diff_ph	Lake Geneva
2.92303465917268	2.62753240982705	diff_BOD5	Lake Geneva
1.4726725066967	2.37804718431191	diff_TSS	Lake Geneva
5.26208612116037	4.17400855140211	diff_pmmov_conc	La Crosse
6.86211739638312	8.05246602004991	diff_bcov_rec_rate	La Crosse
3.09988188375179	3.48202591100007	diff_average_flow_rate	La Crosse
1.28082302868011	2.54824846561976	diff_ph	La Crosse
3.5619686625159	6.37390018753389	diff_BOD5	La Crosse
1.76388658273302	3.57098935429464	diff_TSS	La Crosse
6.40663052705446	11.102264544122	diff_pmmov_conc	Kenosha
4.07399821256015	15.0651396168832	diff_bcov_rec_rate	Kenosha
7.01265155436244	8.58367519523762	diff_average_flow_rate	Kenosha
6.89379217907619	4.44162159186746	diff_ph	Kenosha
5.28575621635945	9.47393889482777	diff_BOD5	Kenosha
8.23005798791002	13.0905245371534	diff_TSS	Kenosha
4.45051553124226	6.79655875220895	diff_pmmov_conc	Janesville
3.87884851776909	8.16531392995525	diff_bcov_rec_rate	Janesville
9.68058797986095	9.38545499699821	diff_average_flow_rate	Janesville
3.6927015757556	7.91560095707319	diff_ph	Janesville
1.20677743740091	6.47796796755445	diff_BOD5	Janesville
-2.83228965025065	4.27133920291312	diff_TSS	Janesville
1.28875059989888	8.45849670449194	diff_pmmov_conc	Hudson
1.57958931617791	16.5014530669267	diff_bcov_rec_rate	Hudson
5.82806656537111	14.6634179128405	diff_average_flow_rate	Hudson
3.90454041706954	14.9819391830674	diff_ph	Hudson
12.6983278117917	25.6096813080298	diff_BOD5	Hudson
-0.683351813637597	8.8527554267802	diff_TSS	Hudson
-2.30977666895842	0.650998437598074	diff_pmmov_conc	Heart of the Valley
14.3896818392036	2.72862758194511	diff_bcov_rec_rate	Heart of the Valley
5.08163996539778	1.2070251807583	diff_average_flow_rate	Heart of the Valley
-5.97726133752046	0.589552503333768	diff_ph	Heart of the Valley
1.83263179774066	0.897219878086896	diff_BOD5	Heart of the Valley
1.08141196500623	1.2750120879739	diff_TSS	Heart of the Valley
-1.04883640792528	1.00597320479314	diff_pmmov_conc	Hayward
-1.92198886564649	1.20102054855826	diff_bcov_rec_rate	Hayward
3.45567907059516	1.39221210880015	diff_average_flow_rate	Hayward
-0.262222641276339	0.31137869385678	diff_ph	Hayward
0.643818256887541	1.26847382706482	diff_BOD5	Hayward
5.91556579762198	1.80137120252141	diff_TSS	Hayward
1.47333818017161	4.75453737064545	diff_pmmov_conc	Hartford
-0.27325569401198	15.2936975153782	diff_bcov_rec_rate	Hartford
1.3147998986328	15.7141704687629	diff_average_flow_rate	Hartford
4.68872529675607	5.81679248822239	diff_ph	Hartford
-1.72624374848846	5.41922843508822	diff_BOD5	Hartford
2.16410881096953	4.09569630302235	diff_TSS	Hartford
-1.81330155196826	6.83143600485727	diff_pmmov_conc	Eau Claire
0.185962811853263	10.0818370380233	diff_bcov_rec_rate	Eau Claire
4.58080313054857	6.80281575068738	diff_average_flow_rate	Eau Claire
-0.903647768974054	5.19917160709546	diff_ph	Eau Claire
-1.07197294371818	8.49413551066485	diff_BOD5	Eau Claire
-1.11584705748101	5.60613630128682	diff_TSS	Eau Claire
0.297770566130586	4.14557204132416	diff_pmmov_conc	Columbus
3.94868760932911	15.7241613004683	diff_bcov_rec_rate	Columbus
8.43157441546447	13.152201505878	diff_average_flow_rate	Columbus
1.96091697297553	9.9298628652839	diff_ph	Columbus
-0.864048773657041	4.56778943004181	diff_BOD5	Columbus
-0.52365507096858	9.42838793561981	diff_TSS	Columbus
-1.87100119596133	0.646894990303013	diff_pmmov_conc	Clintonville
0.0949775198876123	0.511883787489893	diff_bcov_rec_rate	Clintonville
16.5477275987783	1.58899991334923	diff_average_flow_rate	Clintonville
6.99985869442633	0.482870249482599	diff_ph	Clintonville
1.06497236628696	0.388977624794422	diff_BOD5	Clintonville
0.470863872252888	0.346121944479845	diff_TSS	Clintonville
1.49788880149457	34.9531374702247	diff_pmmov_conc	Chippewa Falls
2.15499614133777	46.1975180952587	diff_bcov_rec_rate	Chippewa Falls
1.5980646986706	20.2781258245299	diff_average_flow_rate	Chippewa Falls
-1.45702361223982	4.33083062700932	diff_ph	Chippewa Falls
-1.30677873423168	11.0635199241685	diff_BOD5	Chippewa Falls
1.69600472931809	12.352783043993	diff_TSS	Chippewa Falls
4.75913466731232	8.42603386180329	diff_pmmov_conc	Black River Falls
14.002034290043	16.8145094793509	diff_bcov_rec_rate	Black River Falls
10.9958570188107	14.192794202288	diff_average_flow_rate	Black River Falls
3.46570450133293	9.57395823033294	diff_ph	Black River Falls
3.07251867273736	5.3526790459706	diff_BOD5	Black River Falls
1.90473355609169	5.65585966034282	diff_TSS	Black River Falls
2.65285628233849	1.86174352791536	diff_pmmov_conc	Berlin
0.698690264806043	2.1225373980171	diff_bcov_rec_rate	Berlin
7.21999971454743	2.15376378589916	diff_average_flow_rate	Berlin
1.18994683086249	2.3405362356275	diff_ph	Berlin
1.37586359625248	1.49348152373872	diff_BOD5	Berlin
2.84239557896716	1.65738668017617	diff_TSS	Berlin
-1.3026511318596	1.9186074314588	diff_pmmov_conc	Beloit
6.39361330925224	3.16881461238326	diff_bcov_rec_rate	Beloit
-3.71424279343848	1.21348697413842	diff_average_flow_rate	Beloit
0.537903409373208	0.788650086599527	diff_ph	Beloit
-2.47140953636626	1.10304806090693	diff_BOD5	Beloit
5.1596523540434	3.00589317779383	diff_TSS	Beloit
0.179966906033259	1.36622609571053	diff_pmmov_conc	Baraboo
9.43501632203204	2.35277073025322	diff_bcov_rec_rate	Baraboo
3.42264468815918	1.4366816925755	diff_average_flow_rate	Baraboo
7.14670426716842	1.2999747918814	diff_ph	Baraboo
7.90333054098756	1.70607182850445	diff_BOD5	Baraboo
2.48656752201065	0.836199455871897	diff_TSS	Baraboo
-0.0321360702627889	2.82018866332973	diff_pmmov_conc	Ashland
-0.271425054808812	2.73359608477287	diff_bcov_rec_rate	Ashland
0.74225763321908	2.29148818816261	diff_average_flow_rate	Ashland
5.89402142841773	3.5963715032872	diff_ph	Ashland
4.20640528227748	3.05823002056665	diff_BOD5	Ashland
6.95196194476247	2.63854742372015	diff_TSS	Ashland
2.50116340263642	16.9591028790193	diff_pmmov_conc	Appleton
2.67684851195051	29.678752136269	diff_bcov_rec_rate	Appleton
4.93806122467	12.1204980175998	diff_average_flow_rate	Appleton
0.660230749807037	8.33017838531488	diff_ph	Appleton
3.88194667681422	20.4401525218634	diff_BOD5	Appleton
5.0492100184678	10.698196260118	diff_TSS	Appleton
-0.498947356279408	0.631960991698928	diff_pmmov_conc	Algoma
4.77828448738194	1.03643997845857	diff_bcov_rec_rate	Algoma
-5.14328401320926	0.408894939568599	diff_average_flow_rate	Algoma
-0.136987078630044	0.153150811834301	diff_ph	Algoma
-2.21219612704655	0.620484426180504	diff_BOD5	Algoma
-1.35327658514966	0.868050129623173	diff_TSS	Algoma
