"2","jsonrpc error 5 (Invalid json or unexpected error occurred while parsing)"
"0","rf.1 <-randomForest(difference.log~., data=data.select.1.sc, ntree=500, na.action = na.roughfix, importance=TRUE) "
"0","rf.1 <-randomForest(difference.log~., data=data.select.1.sc, ntree=500, na.action = na.roughfix, importance=TRUE) "
"0","print(rf.1)"
"1","
Call:
"
"1"," "
"1","randomForest(formula = difference.log ~ ., data = data.select.1.sc, "
"1"," "
"1","    ntree = 500, importance = TRUE, na.action = na.roughfix)"
"1"," "
"1","
"
"1","               Type of random forest: "
"1",""
"1","regression"
"1",""
"1","
"
"1","                     Number of trees: "
"1",""
"1","500"
"1",""
"1","
"
"1","No. of variables tried at each split: "
"1",""
"1","2"
"1",""
"1","

"
"1","          Mean of squared residuals: "
"1",""
"1","0.7435622"
"1",""
"1","
"
"1","                    % Var explained: "
"1",""
"1","25.62"
"1",""
"1","
"
