"0","names(data.H12)<-c(""wwtp_name"", ""epaid"", ""zipcode"", ""county_names"", ""state"", ""capacity_mgd"", ""population_served"", ""sample_type"", ""composite_freq"", ""sample_matrix"", ""sample_location"", ""sample_location_specify"", ""sample_id"", ""wwtp_comments"", ""concentration_method"", ""extraction_method"", ""pcr_type"", ""lod_ref"", ""quant_stan_type"", ""quant_stan_ref"", ""inhibition_method"", ""n1_sars_cov2_units"", ""n1_sars_cov2_conc"", ""n1_sars_cov2_lod"", ""n1_sars_cov2_error"", ""n1_ntc_amplify"", ""n1_num_ntc_amplify"", ""n1_num_no_target_control"", ""n1_lod"", ""n1_loq"", ""n2_sars_cov2_units"", ""n2_sars_cov2_conc"", ""n2_sars_cov2_lod"", ""n2_sars_cov2_error"", ""n2_ntc_amplify"", ""n2_num_ntc_amplify"", ""n2_num_no_target_control"", ""n2_lod"", ""n2_loq"", ""avg_sars_cov2_conc"", ""avg_sars_cov2_below_lod"", ""pmmov_conc"", ""hf183_conc"", ""bcov_rec_rate"", ""inhibition_detect"", ""inhibition_adjust"", ""analytical_comments"", ""sample_collect_date"", ""sample_collect_time"", ""test_result_date"", ""average_flow_rate"", ""equiv_sewage_amt"", ""tss"", ""ph"", ""bod"", ""conductivity"", ""temperature"", ""do"", ""bcov_spike_conc"")"
"0",""
"0","# Clean samples"
"0","data.H12<-data.H12 %>% filter(wwtp_name %!like% ""Madison-P"")"
"0","data.H12<-data.H12 %>% filter(wwtp_name %!in% c(""Keshena"", ""Lac du Flambeau"", ""Menomonie"", ""Mondovi"", ""Neopit"", ""Red Cliff"", ""Wolf"", ""Wolf River""))"
"0","data.H12<-data.H12 %>% filter(wwtp_name != """")"
"0",""
"0","# Fix wwtp names"
"0","data.H12$wwtp_name<-gsub("" WWTP"", """", data.H12$wwtp_name)"
"0","data.H12$wwtp_name<-gsub(""WWTP"", """", data.H12$wwtp_name)"
"0","data.H12$wwtp_name<-gsub(""WWTF"", """", data.H12$wwtp_name)"
"0","data.H12$wwtp_name<-gsub(""BlackRiverFalls"", ""Black River Falls"", data.H12$wwtp_name)"
"0","data.H12$wwtp_name<-gsub("" Metro"", """", data.H12$wwtp_name)"
"0","data.H12$wwtp_name<-gsub(""WI Rapids"", ""Wisconsin Rapids"", data.H12$wwtp_name)"
"0","levels(as.factor(data.H12$wwtp_name))"
"1"," [1]"
"1"," ""Algoma""             "
"1"," ""Appleton""           "
"1"," ""Ashland""            "
"1"," ""Baraboo""            "
"1"," ""Beloit""             "
"1"," ""Berlin""             "
"1"," ""Black River Falls""  "
"1"," ""Chippewa Falls""     "
"1"," ""Clintonville""       "
"1"," ""Columbus""           "
"1"," ""Eau Claire""         "
"1"," ""Hartford""           "
"1","
"
"1","[13]"
"1"," ""Hayward""            "
"1"," ""Heart of the Valley"""
"1"," ""Hudson""             "
"1"," ""Janesville""         "
"1"," ""Kenosha""            "
"1"," ""La Crosse""          "
"1"," ""Lake Geneva""        "
"1"," ""Lodi""               "
"1"," ""Madison""            "
"1"," ""Manitowoc ""         "
"1"," ""Marinette""          "
"1"," ""Marshfield""         "
"1","
"
"1","[25]"
"1"," ""Mauston""            "
"1"," ""Merrill""            "
"1"," ""Monroe""             "
"1"," ""New Richmond""       "
"1"," ""Oconomowoc ""        "
"1"," ""Oshkosh""            "
"1"," ""Peshtigo""           "
"1"," ""Platteville""        "
"1"," ""Plymouth""           "
"1"," ""Portage""            "
"1"," ""Rhinelander""        "
"1"," ""Rib Lake""           "
"1","
"
"1","[37]"
"1"," ""Rib Mountain""       "
"1"," ""River Falls""        "
"1"," ""Sheboygan""          "
"1"," ""Sparta""             "
"1"," ""Spencer""            "
"1"," ""Spooner""            "
"1"," ""Stevens Point""      "
"1"," ""Sturgeon Bay""       "
"1"," ""Sun Prairie""        "
"1"," ""Superior""           "
"1"," ""Viroqua""            "
"1"," ""Washburn""           "
"1","
"
"1","[49]"
"1"," ""Watertown""          "
"1"," ""Waupaca""            "
"1"," ""Wausau""             "
"1"," ""Whitewater""         "
"1"," ""Wisconsin Rapids""   "
"1","
"
"0","# Add ID"
"0","data.H12$sample_collect_date<-as.Date(data.H12$sample_collect_date, format=""%m/%d/%Y"")"
"0","data.H12$ID<-paste0(data.H12$wwtp_name, data.H12$sample_collect_date)"
"0",""
