{"chunk_definitions":[{"row":8,"row_count":1,"visible":true,"expansion_state":0,"options":{"engine":"r","label":"setup","include":false},"document_id":"55493F46","chunk_id":"csetup_chunk","chunk_label":"setup"},{"row":14,"row_count":1,"visible":true,"expansion_state":0,"options":{"engine":"r","echo":false,"include":false,"label":"unnamed-chunk-99"},"document_id":"55493F46","chunk_id":"cex4pe0v0f3yv","chunk_label":"unnamed-chunk-1"},{"row":27,"row_count":1,"visible":true,"expansion_state":0,"options":{"engine":"r","echo":false,"include":false,"warning":false,"error":false,"label":"unnamed-chunk-103"},"document_id":"55493F46","chunk_id":"cccgou5gua1xe","chunk_label":"unnamed-chunk-2"},{"row":47,"row_count":1,"visible":true,"expansion_state":0,"options":{"engine":"r","label":"Import data from the H12 extract"},"document_id":"55493F46","chunk_id":"cgbic78xdtd6d","chunk_label":"Import data from the H12 extract"},{"row":71,"row_count":1,"visible":true,"expansion_state":0,"options":{"engine":"r","label":"Preparation of H12 data"},"document_id":"55493F46","chunk_id":"c6flbvwuonh2l","chunk_label":"Preparation of H12 data"},{"row":78,"row_count":1,"visible":true,"expansion_state":0,"options":{"engine":"r","label":"Import metadata"},"document_id":"55493F46","chunk_id":"cfy0kpf0nbqzo","chunk_label":"Import metadata"},{"row":112,"row_count":1,"visible":true,"expansion_state":0,"options":{"engine":"r","label":"Preparation of metadata"},"document_id":"55493F46","chunk_id":"c8go9fd3r1dpr","chunk_label":"Preparation of metadata"},{"row":120,"row_count":1,"visible":true,"expansion_state":0,"options":{"engine":"r","lebel":"Merge H12 and meta datsets","label":"unnamed-chunk-101"},"document_id":"55493F46","chunk_id":"ci6x2aun77bj1","chunk_label":"unnamed-chunk-3"},{"row":125,"row_count":1,"visible":true,"expansion_state":0,"options":{"engine":"r","label":"Select qPCR data"},"document_id":"55493F46","chunk_id":"ch3jjm1n2lnl6","chunk_label":"Select qPCR data"},{"row":147,"row_count":1,"visible":true,"expansion_state":0,"options":{"engine":"r","label":"convert character to numeric"},"document_id":"55493F46","chunk_id":"c6vlcnz5vy8vc","chunk_label":"convert character to numeric"},{"row":168,"row_count":1,"visible":true,"expansion_state":0,"options":{"engine":"r","label":"normalization"},"document_id":"55493F46","chunk_id":"c3ak1n73zm891","chunk_label":"normalization"},{"row":197,"row_count":1,"visible":true,"expansion_state":0,"options":{"engine":"r","label":"correlation #1"},"document_id":"55493F46","chunk_id":"c8jbhzn8gmtjv","chunk_label":"correlation #1"},{"row":209,"row_count":1,"visible":true,"expansion_state":0,"options":{"engine":"r","label":"plot tile"},"document_id":"55493F46","chunk_id":"cwjyi0pyflffo","chunk_label":"plot tile"},{"row":223,"row_count":1,"visible":true,"expansion_state":0,"options":{"engine":"r","label":"unnamed-chunk-102"},"document_id":"55493F46","chunk_id":"c61qw6q8ddx7m","chunk_label":"unnamed-chunk-4"}],"doc_write_time":1668812901,"working_dir":null,"default_chunk_options":{"echo":true},"chunk_rendered_width":400}