"0","data$avg_sars_cov2_conc<-as.numeric(as.character(data$avg_sars_cov2_conc))"
"0","data$average_flow_rate<-as.numeric(as.character(data$average_flow_rate))"
"0","data$population_served<-as.numeric(as.character(data$population_served))"
"0","data$pmmov_conc<-as.numeric(as.character(data$pmmov_conc))"
"0","data$hf183_conc<-as.numeric(as.character(data$hf183_conc))"
"0","data$bcov_rec_rate<-as.numeric(as.character(data$bcov_rec_rate))"
"0","data$tss<-as.numeric(as.character(data$tss))"
"0","data$ph<-as.numeric(as.character(data$ph))"
"0","data$temperature<-as.numeric(as.character(data$temperature))"
"0","data$conductivity<-as.numeric(as.character(data$conductivity))"
"0","data$sars_cov2_adj_load<-as.numeric(as.character(data$sars_cov2_adj_load))"
"0","data$cases<-as.numeric(as.character(data$cases))"
"0","data$case_rate<-as.numeric(as.character(data$case_rate))"
"0","data$BOD5<-as.numeric(as.character(data$BOD5))"
"0","data$`Flow Rate`<-as.numeric(as.character(data$`Flow Rate`))"
"0","data$TSS<-as.numeric(as.character(data$TSS))"
"0",""
"0","data$wwtp_name<-as.factor(data$wwtp_name)"
