{"chunk_definitions":[{"row":17,"row_count":1,"visible":true,"expansion_state":0,"options":{"engine":"r","label":"setup","include":false},"document_id":"A9411190","chunk_id":"csetup_chunk","chunk_label":"setup"},{"row":23,"row_count":1,"visible":true,"expansion_state":0,"options":{"engine":"r","echo":false,"include":false,"label":"unnamed-chunk-104"},"document_id":"A9411190","chunk_id":"ctojzha1eqt8q","chunk_label":"unnamed-chunk-1"},{"row":34,"row_count":1,"visible":true,"expansion_state":0,"options":{"engine":"r","echo":false,"include":false,"warning":false,"error":false,"label":"unnamed-chunk-105"},"document_id":"A9411190","chunk_id":"cedoheewishew","chunk_label":"unnamed-chunk-2"},{"row":90,"row_count":1,"visible":true,"expansion_state":0,"options":{"engine":"r","echo":false,"error":false,"warning":false,"label":"unnamed-chunk-110"},"document_id":"A9411190","chunk_id":"ci81wy9x9bpqx","chunk_label":"unnamed-chunk-3"}],"doc_write_time":1668879975,"working_dir":null,"default_chunk_options":{"echo":true}}