{"chunk_definitions":[{"row":12,"row_count":1,"visible":true,"expansion_state":0,"options":{"engine":"r","label":"setup","include":false},"document_id":"9F1F8AFA","chunk_id":"csetup_chunk","chunk_label":"setup"},{"row":18,"row_count":1,"visible":true,"expansion_state":0,"options":{"engine":"r","echo":false,"include":false,"label":"unnamed-chunk-1"},"document_id":"9F1F8AFA","chunk_id":"cqiqacldxsh7n","chunk_label":"unnamed-chunk-1"},{"row":33,"row_count":1,"visible":true,"expansion_state":0,"options":{"engine":"r","echo":false,"include":false,"warning":false,"error":false,"label":"unnamed-chunk-2"},"document_id":"9F1F8AFA","chunk_id":"c59jhysw3yabw","chunk_label":"unnamed-chunk-2"},{"row":53,"row_count":1,"visible":true,"expansion_state":0,"options":{"engine":"r","label":"Import data from H12 extracts"},"document_id":"9F1F8AFA","chunk_id":"cxraq67j0rkux","chunk_label":"Import data from H12 extracts"},{"row":79,"row_count":1,"visible":true,"expansion_state":0,"options":{"engine":"r","label":"Preparation of H12 data"},"document_id":"9F1F8AFA","chunk_id":"cfu1zpneed2mf","chunk_label":"Preparation of H12 data"},{"row":87,"row_count":1,"visible":true,"expansion_state":0,"options":{"engine":"r","label":"Import metadata"},"document_id":"9F1F8AFA","chunk_id":"ct61mwr5ipa5z","chunk_label":"Import metadata"},{"row":125,"row_count":1,"visible":true,"expansion_state":0,"options":{"engine":"r","label":"Preparation of metadata"},"document_id":"9F1F8AFA","chunk_id":"cgmewqy5kp1nv","chunk_label":"Preparation of metadata"},{"row":133,"row_count":1,"visible":true,"expansion_state":0,"options":{"engine":"r","lebel":"Merge H12 and meta datsets","label":"unnamed-chunk-3"},"document_id":"9F1F8AFA","chunk_id":"cbrn6o7093n23","chunk_label":"unnamed-chunk-3"},{"row":138,"row_count":1,"visible":true,"expansion_state":0,"options":{"engine":"r","label":"Select qPCR data"},"document_id":"9F1F8AFA","chunk_id":"c4hjmr57ugw47","chunk_label":"Select qPCR data"},{"row":160,"row_count":1,"visible":true,"expansion_state":0,"options":{"engine":"r","label":"convert character to numeric","warning":false},"document_id":"9F1F8AFA","chunk_id":"ct3ht85qcgtpa","chunk_label":"convert character to numeric"},{"row":181,"row_count":1,"visible":true,"expansion_state":0,"options":{"engine":"r","label":"normalization","warning":false,"echo":true},"document_id":"9F1F8AFA","chunk_id":"cfnohxbbnmvtq","chunk_label":"normalization"},{"row":215,"row_count":1,"visible":true,"expansion_state":0,"options":{"engine":"r","label":"Pearson correlation","echo":true},"document_id":"9F1F8AFA","chunk_id":"c3xrxaydg5uas","chunk_label":"Pearson correlation"},{"row":225,"row_count":1,"visible":true,"expansion_state":0,"options":{"engine":"r","label":"Perason plot tile","warning":false},"document_id":"9F1F8AFA","chunk_id":"ca1hegb4nod1f","chunk_label":"Perason plot tile"},{"row":257,"row_count":1,"visible":true,"expansion_state":0,"options":{"engine":"r","label":"Spearman correlation","echo":true},"document_id":"9F1F8AFA","chunk_id":"cp9nh23u0b3v7","chunk_label":"Spearman correlation"},{"row":267,"row_count":1,"visible":true,"expansion_state":0,"options":{"engine":"r","label":"Spearman plot tile","warning":false},"document_id":"9F1F8AFA","chunk_id":"c5w1db6bw5fdl","chunk_label":"Spearman plot tile"},{"row":330,"row_count":1,"visible":true,"expansion_state":0,"options":{"engine":"r","label":"Compute differences"},"document_id":"9F1F8AFA","chunk_id":"cz528oh6y6aip","chunk_label":"Compute differences"},{"row":344,"row_count":1,"visible":true,"expansion_state":0,"options":{"engine":"r","label":"unnamed-chunk-4"},"document_id":"9F1F8AFA","chunk_id":"ccvawnlbmfe8u","chunk_label":"unnamed-chunk-4"},{"row":352,"row_count":1,"visible":true,"expansion_state":0,"options":{},"document_id":"9F1F8AFA","chunk_id":"cwv91awz5tj5p","chunk_label":"Random forest model #1"},{"row":358,"row_count":1,"visible":true,"expansion_state":0,"options":{},"document_id":"9F1F8AFA","chunk_id":"cxve1174kpezo","chunk_label":"figs"},{"row":386,"row_count":1,"visible":true,"expansion_state":0,"options":{},"document_id":"9F1F8AFA","chunk_id":"cgow5wa9hz7y2","chunk_label":"figs"},{"row":400,"row_count":1,"visible":true,"expansion_state":0,"options":{"engine":"r","label":"Random forest model #2"},"document_id":"9F1F8AFA","chunk_id":"crs8xd6aanq7l","chunk_label":"Random forest model #2"},{"row":417,"row_count":1,"visible":true,"expansion_state":0,"options":{"engine":"r","label":"figs"},"document_id":"9F1F8AFA","chunk_id":"cyzh4thyvy2yx","chunk_label":"figs"}],"doc_write_time":1669910403,"working_dir":null,"default_chunk_options":{"echo":true},"chunk_rendered_width":661}