"0","data$sc2_flow_pop<-(data$avg_sars_cov2_conc*data$average_flow_rate)/data$population_served"
"0",""
"0","data$sc2_dPMMoV<-data$avg_sars_cov2_conc/data$pmmov_conc"
"0","data$sc2_dPMMoV.log10<-data$avg_sars_cov2_conc/(log10(data$pmmov_conc+1)+1)"
"0","data$sc2_dPMMoV.sqrt<-data$avg_sars_cov2_conc/sqrt(data$pmmov_conc+1)"
"0","data$sc2_dPMMoV.sqrt2<-data$avg_sars_cov2_conc/sqrt(data$pmmov_conc/mean(data$pmmov_conc, na.rm=TRUE))"
"0","data$sc2_mPMMoV.sqrt2<-data$avg_sars_cov2_conc*sqrt(data$pmmov_conc/mean(data$pmmov_conc, na.rm=TRUE))"
"0",""
"0","data$sc2_dBCoV<-data$avg_sars_cov2_conc/data$bcov_rec_rate"
"0","data$sc2_dBCoV.log10<-data$avg_sars_cov2_conc/(log10(data$bcov_rec_rate+1)+1)"
"0","data$sc2_dBCoV.sqrt<-data$avg_sars_cov2_conc/sqrt(data$bcov_rec_rate+1)"
"0","data$sc2_dBCoV.sqrt2<-data$avg_sars_cov2_conc/sqrt(data$bcov_rec_rate/mean(data$bcov_rec_rate, na.rm=TRUE))"
"0","data$sc2_mBCoV.sqrt2<-data$avg_sars_cov2_conc*sqrt(data$bcov_rec_rate/mean(data$bcov_rec_rate, na.rm=TRUE))"
"0",""
"0","data$sc2_dPMMoVBCoV.sqrt2<-data$avg_sars_cov2_conc/sqrt((data$bcov_rec_rate/mean(data$bcov_rec_rate, na.rm=TRUE))*(data$pmmov_conc/mean(data$pmmov_conc, na.rm=TRUE)))"
"0","data$sc2_mPMMoVBCoV.sqrt2<-data$avg_sars_cov2_conc*sqrt((data$bcov_rec_rate/mean(data$bcov_rec_rate, na.rm=TRUE))*(data$pmmov_conc/mean(data$pmmov_conc, na.rm=TRUE)))"
"0",""
