"0","correlate.pearson<- data %>%"
"0","                group_by(wwtp_name) %>% "
"0","                summarise(population = mean(population_served, na.rm = TRUE), "
"0","                          count = n(),"
"0","                          "
"0","                          r_raw = cor(avg_sars_cov2_conc, case_rate, method = ""pearson"", use=""complete.obs""),"
"0","                          "
"0","                          r_flow_pop = cor(sc2_flow_pop, case_rate, method = ""pearson"", use=""complete.obs""), "
"0","                          r_adj_load = cor(sars_cov2_adj_load, case_rate, method = ""pearson"", use=""complete.obs""), #sars_cov2_adj_load is the variable used in the dashboard."
"0","                          "
"0","                          r_dPMMoV = cor(sc2_dPMMoV, case_rate, method = ""pearson"", use=""complete.obs""),"
"0","                          r_dPMMoV.log10 = cor(sc2_dPMMoV.log10, case_rate, method = ""pearson"", use=""complete.obs""),"
"0","                          r_dPMMoV.sqrt = cor(sc2_dPMMoV.sqrt, case_rate, method = ""pearson"", use=""complete.obs""),"
"0","                          r_dPMMoV.sqrt2 = cor(sc2_dPMMoV.sqrt2, case_rate, method = ""pearson"", use=""complete.obs""),"
"0","                          r_mPMMoV.sqrt2 = cor(sc2_mPMMoV.sqrt2, case_rate, method = ""pearson"", use=""complete.obs""),"
"0",""
"0","                          r_dBCoV = cor(sc2_dBCoV, case_rate, method = ""pearson"", use=""complete.obs""),"
"0","                          r_dBCoV.log10 = cor(sc2_dBCoV.log10, case_rate, method = ""pearson"", use=""complete.obs""),"
"0","                          r_dBCoV.sqrt = cor(sc2_dBCoV.sqrt, case_rate, method = ""pearson"", use=""complete.obs""),"
"0","                          r_dBCoV.sqrt2 = cor(sc2_dBCoV.sqrt2, case_rate, method = ""pearson"", use=""complete.obs""),"
"0","                          r_mBCoV.sqrt2 = cor(sc2_mBCoV.sqrt2, case_rate, method = ""pearson"", use=""complete.obs""), "
"0","                          "
"0","                          r_dPMMoVBCoV.sqrt2 = cor(sc2_dPMMoVBCoV.sqrt2, case_rate, method = ""pearson"", use=""complete.obs""),"
"0","                          r_mPMMoVBCoV.sqrt2 = cor(sc2_mPMMoVBCoV.sqrt2, case_rate, method = ""pearson"", use=""complete.obs""),"
"0","                          r_raw. = cor(avg_sars_cov2_conc, case_rate, method = ""pearson"", use=""complete.obs""))"
"0",""
