"2","jsonrpc error 5 (Invalid json or unexpected error occurred while parsing)"
"0","# Get variable importance from the model fit"
"0","ImpData <- as.data.frame(importance(rf.1))"
"0","ImpData$Var.Names <- row.names(ImpData)"
"0",""
"0","ggplot(ImpData, aes(x=Var.Names, y=`%IncMSE`)) +"
"0","  geom_segment( aes(x=Var.Names, xend=Var.Names, y=0, yend=`%IncMSE`), color=""skyblue"") +"
"0","  geom_point(aes(size = IncNodePurity), color=""blue"", alpha=0.6) +"
"0","  theme_light() +"
"0","  coord_flip() +"
"0","  theme("
"0","    legend.position=""bottom"","
"0","    panel.grid.major.y = element_blank(),"
"0","    panel.border = element_blank(),"
"0","    axis.ticks.y = element_blank()"
"0","  )"
"0",""
