"0","### Preparation of metadata"
"0","# Fix wwtp names"
"0","data.meta$wwtp_name<-gsub("" WWTF"", """", data.meta$wwtp_name)"
"0","data.meta$wwtp_name<-gsub("" WWTP"", """", data.meta$wwtp_name)"
"0","data.meta$wwtp_name<-gsub("" Sewage Utility"", """", data.meta$wwtp_name)"
"0","data.meta$wwtp_name<-gsub("" WW Utility"", """", data.meta$wwtp_name)"
"0","data.meta$wwtp_name<-gsub("" Wastewater Utility"", """", data.meta$wwtp_name)"
"0","data.meta$wwtp_name<-gsub("" WPCF"", """", data.meta$wwtp_name)"
"0","data.meta$wwtp_name<-gsub("" MSD"", """", data.meta$wwtp_name)"
"0","data.meta$wwtp_name<-gsub("" Utilities"", """", data.meta$wwtp_name)"
"0","data.meta$wwtp_name<-gsub("" Municipal Utility"", """", data.meta$wwtp_name)"
"0","data.meta$wwtp_name<-gsub("" Water Works"", """", data.meta$wwtp_name)"
"0","#levels(as.factor(data.meta$wwtp_name))"
"0","#print(""List wwtps with metadata (should be the same than above):"")"
"0","#levels(as.factor(data.H12$wwtp_name))"
"0",""
"0",""
"0","# Add ID"
"0","data.meta$sample_collect_date<-as.Date(data.meta$sample_collect_date, format=""%m/%d/%Y"")"
"0","data.meta$ID<-paste0(data.meta$wwtp_name, data.meta$sample_collect_date)"
"0",""
"0","# Metadata #1"
"0","data.meta.1<-unique(data.meta[, c(""ID"", ""sars_cov2_adj_load"", ""cases"", ""case_rate"")])"
"0",""
"0","# Metadata #2"
"0","data.meta.2<-data.meta[, c(""ID"", ""result_amt"", ""storet_parm_desc"", ""parm_unit_type"")]"
"0","data.meta.2$storet_parm_desc<-gsub(""CBOD5"", ""BOD5"", data.meta.2$storet_parm_desc)"
"0","data.meta.2$storet_parm_desc<-gsub(""BOD5, Total"", ""BOD5"", data.meta.2$storet_parm_desc)"
"0","data.meta.2$storet_parm_desc<-gsub(""Suspended Solids, Total"", ""TSS"", data.meta.2$storet_parm_desc)"
"0","data.meta.2<-reshape2::dcast(data.meta.2, ID~storet_parm_desc, value.var = ""result_amt"", fun.aggregate= function(x) if(length(x) == 0) NA_real_ else mean(x, na.rm = TRUE))"
"0","data.meta.2 <- data.meta.2 %>% select(""ID"", ""BOD5"", ""Flow Rate"", ""TSS"")"
"0",""
"0","# Metadata - merged #1 and #2"
"0","data.meta <- left_join(data.meta.1, data.meta.2, by=""ID"")"
