"0","# List all the benchsheets from the current month"
"0","list<-list.files(paste0(""M:\\EHD\\ESS(4900)\\ESS Biomonitoring(4922)\\Projects\\COVID19 in sewage & water\\Horizon Extracts\\""), recursive = TRUE,  pattern=glob2rx(""*.txt""))"
"0","list<-list[-which(list %like% c(""WSLHWWPROD_20220524_220011|WSLHWWPROD_20220415_220005|WSLHWWPROD_20220328_220011|WSLHWWPROD_20220308_220010|WSLHWWPROD_20211213_220011""))]"
"0","list<-sort(list, decreasing=FALSE) # Sort from the oldest to the newest extract"
"0",""
"0","for(i in 1:length(list)){"
"0","  file<-list[i]; #print(file)"
"0","  pre<-read.table(paste0(""M:\\EHD\\ESS(4900)\\ESS Biomonitoring(4922)\\Projects\\COVID19 in sewage & water\\Horizon Extracts\\"", file), h=F, sep=""|"")"
"0","  if(i==1){"
"0","    data.H12<-pre"
"0","  }else{"
"0","    data.H12<-data.H12[which(data.H12$V13 %!in% pre$V13), ]"
"0","    data.H12<-rbind(data.H12, pre)"
"0","    }"
"0","}"
"2","Warning in read.table(paste0(""M:\\EHD\\ESS(4900)\\ESS Biomonitoring(4922)\\Projects\\COVID19 in sewage & water\\Horizon Extracts\\"",  :"
"2","
 "
"2"," incomplete final line found by readTableHeader on 'M:\EHD\ESS(4900)\ESS Biomonitoring(4922)\Projects\COVID19 in sewage & water\Horizon Extracts\WSLHWWPROD_20221103_220038.txt'
"
"2","Warning in read.table(paste0(""M:\\EHD\\ESS(4900)\\ESS Biomonitoring(4922)\\Projects\\COVID19 in sewage & water\\Horizon Extracts\\"",  :"
"2","
 "
"2"," incomplete final line found by readTableHeader on 'M:\EHD\ESS(4900)\ESS Biomonitoring(4922)\Projects\COVID19 in sewage & water\Horizon Extracts\WSLHWWPROD_20221109_220030.txt'
"
"0","data.H12"
