"0","rf.2 <-randomForest(difference.log~., data=data.select.1.sc, ntree=500, na.action = na.exclude, importance=TRUE) 
rf.2 <-randomForest(difference.log~., data=data.select.1.sc, ntree=500, na.action = na.exclude, importance=TRUE) 
print(rf.2)
"
"1","
Call:
"
"1"," "
"1","randomForest(formula = difference.log ~ ., data = data.select.1.sc, "
"1"," "
"1","    ntree = 500, importance = TRUE, na.action = na.exclude)"
"1"," "
"1","
"
"1","               Type of random forest: "
"1",""
"1","regression"
"1",""
"1","
"
"1","                     Number of trees: "
"1",""
"1","500"
"1",""
"1","
"
"1","No. of variables tried at each split: "
"1",""
"1","2"
"1",""
"1","

"
"1","          Mean of squared residuals: "
"1",""
"1","0.765698"
"1",""
"1","
"
"1","                    % Var explained: "
"1",""
"1","29.1"
"1",""
"1","
"
"0","plot(rf.2, type=""l"", main= """")"
